movie_title,avg_rating,rating_count
"Close Shave, A (1995)",4.491071428571429,112
Schindler's List (1993),4.466442953020135,298
"Wrong Trousers, The (1993)",4.466101694915254,118
Casablanca (1942),4.45679012345679,243
"Shawshank Redemption, The (1994)",4.445229681978798,283
Rear Window (1954),4.3875598086124405,209
"Usual Suspects, The (1995)",4.385767790262173,267
Star Wars (1977),4.3584905660377355,583
12 Angry Men (1957),4.344,125
Citizen Kane (1941),4.292929292929293,198
