gender,rating
F,3.5315073815073816
M,3.5292889846485322
